都道府県,市町村,画像URL,弾数
北海道,江別市 (B001),http://www.gk-p.jp/wp-content/uploads/mhc/01-217-B-01.jpg,第28弾
北海道,幌延町 (A001),http://www.gk-p.jp/wp-content/uploads/mhc/01-520-A-01.jpg,第28弾
北海道,新得町 (B001),http://www.gk-p.jp/wp-content/uploads/mhc/01-635-B-01.jpg,第28弾
岩手県,盛岡市 (C001),http://www.gk-p.jp/wp-content/uploads/mhc/03-201-C-01.jpg,第28弾
宮城県,石巻市 (B001),http://www.gk-p.jp/wp-content/uploads/mhc/04-202-B-01.jpg,第28弾
宮城県,石巻市 (B001),http://www.gk-p.jp/wp-content/uploads/mhc/04-202-B-01.jpg,第28弾
宮城県,利府町 (B001),http://www.gk-p.jp/wp-content/uploads/mhc/04-406-B-01.jpg,第28弾
福島県,浅川町 (A001),http://www.gk-p.jp/wp-content/uploads/mhc/07-504-A-01.jpg,第28弾
茨城県,水戸市 (B001),http://www.gk-p.jp/wp-content/uploads/mhc/08-201-B-01.jpg,第28弾
茨城県,筑西市 (B001),http://www.gk-p.jp/wp-content/uploads/mhc/08-227-B-01.jpg,第28弾
栃木県,小山市 (B001),http://www.gk-p.jp/wp-content/uploads/mhc/09-208-B-01.jpg,第28弾
栃木県,大田原市 (B001),http://www.gk-p.jp/wp-content/uploads/mhc/09-210-B-01.jpg,第28弾
栃木県,矢板市 (A001),http://www.gk-p.jp/wp-content/uploads/mhc/09-211-A-01.jpg,第28弾
群馬県,沼田市 (B001),http://www.gk-p.jp/wp-content/uploads/mhc/10-206-B-01.jpg,第28弾
東京都,東京23区 (O101),http://www.gk-p.jp/wp-content/uploads/mhc/13-100-O1-01.jpg,第28弾
東京都,あきる野市 (C001),http://www.gk-p.jp/wp-content/uploads/mhc/13-228-C-01.jpg,第28弾
神奈川県,葉山町 (C001),http://www.gk-p.jp/wp-content/uploads/mhc/14-301-C-01.jpg,第28弾
新潟県,新発田市 (D001),http://www.gk-p.jp/wp-content/uploads/mhc/15-208-D-01.jpg,第28弾
新潟県,佐渡市 (H001),http://www.gk-p.jp/wp-content/uploads/mhc/15-224-H-01.jpg,第28弾
富山県,富山市 (I001),http://www.gk-p.jp/wp-content/uploads/mhc/16-201-I-01.jpg,第28弾
石川県,穴水町 (B001),http://www.gk-p.jp/wp-content/uploads/mhc/17-461-B-01.jpg,第28弾
長野県,上田市 (D001),http://www.gk-p.jp/wp-content/uploads/mhc/20-203-D-01.jpg,第28弾
長野県,中野市 (A001),http://www.gk-p.jp/wp-content/uploads/mhc/20-211-A-01.jpg,第28弾
岐阜県,多治見市 (A001),http://www.gk-p.jp/wp-content/uploads/mhc/21-204-A-01.jpg,第28弾
愛知県,みよし市 (C001),http://www.gk-p.jp/wp-content/uploads/mhc/23-236-C-01.jpg,第28弾
三重県,松阪市 (F001),http://www.gk-p.jp/wp-content/uploads/mhc/24-204-F-01.jpg,第28弾
滋賀県,大津市 (C001),http://www.gk-p.jp/wp-content/uploads/mhc/25-201-C-01.jpg,第28弾
大阪府,藤井寺市 (C001),http://www.gk-p.jp/wp-content/uploads/mhc/27-226-C-01.jpg,第28弾
奈良県,橿原市 (C001),http://www.gk-p.jp/wp-content/uploads/mhc/29-205-C-01.jpg,第28弾
和歌山県,岩出市 (A001),http://www.gk-p.jp/wp-content/uploads/mhc/30-209-A-01.jpg,第28弾
広島県,安芸太田町 (A001),http://www.gk-p.jp/wp-content/uploads/mhc/34-368-A-01.jpg,第28弾
山口県,山口市 (E001),http://www.gk-p.jp/wp-content/uploads/mhc/35-203-E-01.jpg,第28弾
山口県,下松市 (C001),http://www.gk-p.jp/wp-content/uploads/mhc/35-207-C-01.jpg,第28弾
山口県,岩国市 (C001),http://www.gk-p.jp/wp-content/uploads/mhc/35-208-C-01.jpg,第28弾
徳島県,北島町 (A001),http://www.gk-p.jp/wp-content/uploads/mhc/36-402-A-01.jpg,第28弾
香川県,坂出市 (B001),http://www.gk-p.jp/wp-content/uploads/mhc/37-203-B-01.jpg,第28弾
愛媛県,西予市 (B001),http://www.gk-p.jp/wp-content/uploads/mhc/38-214-B-01.jpg,第28弾
高知県,香美市 (D001),http://www.gk-p.jp/wp-content/uploads/mhc/39-212-D-01.jpg,第28弾
福岡県,福岡県 (流域下水道) (B001),http://www.gk-p.jp/wp-content/uploads/mhc/40-000-B-01.jpg,第28弾
佐賀県,鳥栖市 (A001),http://www.gk-p.jp/wp-content/uploads/mhc/41-203-A-01.jpg,第28弾
熊本県,熊本市 (L001),http://www.gk-p.jp/wp-content/uploads/mhc/43-100-L-01.jpg,第28弾
大分県,豊後高田市 (A001),http://www.gk-p.jp/wp-content/uploads/mhc/44-209-A-01.jpg,第28弾
